{"name": "一人之下，重振三一玄门", "url": "//www.qidian.com/book/1039509185/", "chapters": [{"name": "第1章 客栈听闻", "url": "//www.qidian.com/chapter/1039509185/786141717/"}, {"name": "第2章 游子归来", "url": "//www.qidian.com/chapter/1039509185/786141707/"}, {"name": "第3章 我三重不就是了？", "url": "//www.qidian.com/chapter/1039509185/786141846/"}, {"name": "第4章 暗流汹涌", "url": "//www.qidian.com/chapter/1039509185/786142010/"}, {"name": "第5章 狂热仰慕", "url": "//www.qidian.com/chapter/1039509185/786141808/"}, {"name": "第6章 长夜杀机", "url": "//www.qidian.com/chapter/1039509185/786142059/"}, {"name": "第7章 御炁踏山河", "url": "//www.qidian.com/chapter/1039509185/786142187/"}, {"name": "第8章 群凶汇聚", "url": "//www.qidian.com/chapter/1039509185/786167696/"}, {"name": "第9章 血海深仇", "url": "//www.qidian.com/chapter/1039509185/786201605/"}, {"name": "第10章 惨烈厮杀", "url": "//www.qidian.com/chapter/1039509185/786263207/"}, {"name": "第11章 他如神临", "url": "//www.qidian.com/chapter/1039509185/786296891/"}, {"name": "第12章 命悬一线", "url": "//www.qidian.com/chapter/1039509185/786351518/"}, {"name": "第13章 浴血而狂", "url": "//www.qidian.com/chapter/1039509185/786387556/"}, {"name": "第14章 极限救援", "url": "//www.qidian.com/chapter/1039509185/786446430/"}, {"name": "第15章 只身压群魔", "url": "//www.qidian.com/chapter/1039509185/786474145/"}, {"name": "第16章 不死不休", "url": "//www.qidian.com/chapter/1039509185/786541194/"}, {"name": "第17章 风雨欲来", "url": "//www.qidian.com/chapter/1039509185/786595987/"}, {"name": "第18章 纸条家书", "url": "//www.qidian.com/chapter/1039509185/786697265/"}, {"name": "第19章 人间大盈仙", "url": "//www.qidian.com/chapter/1039509185/786730510/"}, {"name": "第20章 驱散门人", "url": "//www.qidian.com/chapter/1039509185/786784624/"}, {"name": "第21章 雪中送炭", "url": "//www.qidian.com/chapter/1039509185/786807831/"}, {"name": "第22章 长鸣野干", "url": "//www.qidian.com/chapter/1039509185/786861755/"}, {"name": "第23章 三炁流转", "url": "//www.qidian.com/chapter/1039509185/786883321/"}, {"name": "第24章 镇压妖人", "url": "//www.qidian.com/chapter/1039509185/786935369/"}, {"name": "第25章 出发之前", "url": "//www.qidian.com/chapter/1039509185/786933630/"}, {"name": "第26章 煽风点火", "url": "//www.qidian.com/chapter/1039509185/787041602/"}, {"name": "第27章 狐朋狗友", "url": "//www.qidian.com/chapter/1039509185/787041474/"}, {"name": "第28章 谁与争锋", "url": "//www.qidian.com/chapter/1039509185/787074177/"}, {"name": "第29章 暴力美学", "url": "//www.qidian.com/chapter/1039509185/787173039/"}, {"name": "第30章 信传八方", "url": "//www.qidian.com/chapter/1039509185/787417012/"}, {"name": "第31章 死境将至", "url": "//www.qidian.com/chapter/1039509185/787491088/"}, {"name": "第32章 线索初现", "url": "//www.qidian.com/chapter/1039509185/787568472/"}, {"name": "第33章 再起波澜", "url": "//www.qidian.com/chapter/1039509185/787632282/"}, {"name": "第34章 进退维谷", "url": "//www.qidian.com/chapter/1039509185/787675163/"}, {"name": "第35章 冷暖自知", "url": "//www.qidian.com/chapter/1039509185/787708039/"}, {"name": "第36章 谁能拦我？", "url": "//www.qidian.com/chapter/1039509185/787753018/"}, {"name": "第37章 深入虎穴", "url": "//www.qidian.com/chapter/1039509185/787754107/"}, {"name": "第38章 金遁流光", "url": "//www.qidian.com/chapter/1039509185/787777020/"}, {"name": "第39章 初次见面", "url": "//www.qidian.com/chapter/1039509185/787852944/"}, {"name": "第40章 绝无怨悔", "url": "//www.qidian.com/chapter/1039509185/787876851/"}, {"name": "第41章 未曾一惧", "url": "//www.qidian.com/chapter/1039509185/787964694/"}, {"name": "第42章 六邪团聚", "url": "//www.qidian.com/chapter/1039509185/788116828/"}, {"name": "第43章 白眼恶狼", "url": "//www.qidian.com/chapter/1039509185/788116968/"}, {"name": "第44章 一人之下", "url": "//www.qidian.com/chapter/1039509185/788212125/"}, {"name": "第45章 摧枯拉朽", "url": "//www.qidian.com/chapter/1039509185/788234068/"}, {"name": "第46章 无根有后", "url": "//www.qidian.com/chapter/1039509185/788289945/"}, {"name": "第47章 向前半步", "url": "//www.qidian.com/chapter/1039509185/788314504/"}, {"name": "第48章 魔头邀约", "url": "//www.qidian.com/chapter/1039509185/788365249/"}, {"name": "第49章 死棺铸阴身", "url": "//www.qidian.com/chapter/1039509185/788386072/"}, {"name": "第50章 血战前奏", "url": "//www.qidian.com/chapter/1039509185/788441973/"}, {"name": "第51章 全性元老", "url": "//www.qidian.com/chapter/1039509185/788473546/"}, {"name": "第52章 势如雷霆", "url": "//www.qidian.com/chapter/1039509185/788485754/"}, {"name": "第53章 血肉横飞", "url": "//www.qidian.com/chapter/1039509185/788525729/"}, {"name": "第54章 镇妖屠魔", "url": "//www.qidian.com/chapter/1039509185/788560711/"}, {"name": "第55章 家中来信", "url": "//www.qidian.com/chapter/1039509185/788628341/"}, {"name": "第56章 为人以诚", "url": "//www.qidian.com/chapter/1039509185/788689000/"}, {"name": "第57章 全力以赴", "url": "//www.qidian.com/chapter/1039509185/788754631/"}, {"name": "第58章 南辕北辙", "url": "//www.qidian.com/chapter/1039509185/788792733/"}, {"name": "第59章 魔临龙虎", "url": "//www.qidian.com/chapter/1039509185/788821622/"}, {"name": "第60章 以力折妖", "url": "//www.qidian.com/chapter/1039509185/788821629/"}]}