{"name": "LOL：当你将一切做到极致", "url": "//www.qidian.com/book/1039339009/", "chapters": [{"name": "第一章 有个小孩哥的瑞雯能在天上飞！", "url": "//www.qidian.com/chapter/1039339009/784943939/"}, {"name": "第二章 打服了全世界的世一AD！（求收藏求追读）", "url": "//www.qidian.com/chapter/1039339009/784943974/"}, {"name": "第三章 难道他真是个天才？（求追读）", "url": "//www.qidian.com/chapter/1039339009/785201089/"}, {"name": "第四章 敌羞吾去脱他衣！（求追读）", "url": "//www.qidian.com/chapter/1039339009/785467970/"}, {"name": "第五章 弑神之人！（求追读）", "url": "//www.qidian.com/chapter/1039339009/785615743/"}, {"name": "第六章 【不动如山！侵略如火！】", "url": "//www.qidian.com/chapter/1039339009/785761652/"}, {"name": "第七章 爱你，老妈！（求追读）", "url": "//www.qidian.com/chapter/1039339009/785769664/"}, {"name": "第八章 神的世界遭受了冲击！（求追读1/2）", "url": "//www.qidian.com/chapter/1039339009/785875923/"}, {"name": "第九章 其势归来之时！（求追读2/2）", "url": "//www.qidian.com/chapter/1039339009/786049306/"}, {"name": "第十章 乐观家族，阿噗阿噗！（求追读1/2）", "url": "//www.qidian.com/chapter/1039339009/786086683/"}, {"name": "第十一章 龙哥回归倒计时！（2/2求追读！）", "url": "//www.qidian.com/chapter/1039339009/786125713/"}, {"name": "第十二章 一个混子你玩什么命啊？（求追读1/2）", "url": "//www.qidian.com/chapter/1039339009/786139310/"}, {"name": "第十三章 是谁赢了？（求追读2/2）", "url": "//www.qidian.com/chapter/1039339009/786164636/"}, {"name": "第十四章 人生有梦，一起精彩 （求追读1/2）", "url": "//www.qidian.com/chapter/1039339009/786253640/"}, {"name": "第十五章 正式签约，老手钓鱼人！（求追读2/2）", "url": "//www.qidian.com/chapter/1039339009/786316473/"}, {"name": "第十六章 人在LGD，刚进浴室 （求追读1/2）", "url": "//www.qidian.com/chapter/1039339009/786362720/"}, {"name": "第十七章 懂不懂世界亚军的含金量？（2/2求追读）", "url": "//www.qidian.com/chapter/1039339009/786419537/"}, {"name": "第十八章 惩戒之键，似故人！（1/2求追读）", "url": "//www.qidian.com/chapter/1039339009/786449294/"}, {"name": "第十九章 劳资鼠标怎么被顶飞了？！（2/2求追读）", "url": "//www.qidian.com/chapter/1039339009/786512700/"}, {"name": "第二十章 没有意识，全是操作！（二合一求追读）", "url": "//www.qidian.com/chapter/1039339009/786529615/"}, {"name": "第二十一章 领域展开，四手连弹！", "url": "//www.qidian.com/chapter/1039339009/786642868/"}, {"name": "第二十二章 喷子叠加态（2/2求追读）", "url": "//www.qidian.com/chapter/1039339009/786763253/"}, {"name": "第二十三章 如果是他的话，一定可以的！（1/2求追读）", "url": "//www.qidian.com/chapter/1039339009/786782673/"}, {"name": "第二十四章 我们是大师！（2/2求追读）", "url": "//www.qidian.com/chapter/1039339009/786839602/"}, {"name": "第二十五章 偷偷的惊艳所有人！（1/2求追读）", "url": "//www.qidian.com/chapter/1039339009/786860997/"}, {"name": "第二十六章 这个男人超勇的！（2/2求追读）", "url": "//www.qidian.com/chapter/1039339009/786922728/"}, {"name": "第二十七章 峡谷第一我来了！（1/2求追读）", "url": "//www.qidian.com/chapter/1039339009/787039357/"}, {"name": "第二十八章 全明星对决！青钢影的顶分段首秀！", "url": "//www.qidian.com/chapter/1039339009/787103067/"}, {"name": "第二十九章 精准而优雅！（1/2求追读）", "url": "//www.qidian.com/chapter/1039339009/787169990/"}, {"name": "第三十章 你说的对，但这就是青钢影！（2/2求追读）", "url": "//www.qidian.com/chapter/1039339009/787235399/"}, {"name": "第三十一章 什么叫压制力？！（1/2求追读）", "url": "//www.qidian.com/chapter/1039339009/787283476/"}, {"name": "第三十二章 【叶底藏花，一脚螳螂跪！】", "url": "//www.qidian.com/chapter/1039339009/787363022/"}, {"name": "第三十三章 飞天斩神！一派西山千古秀！", "url": "//www.qidian.com/chapter/1039339009/787379028/"}, {"name": "第三十四章 全网沸腾！官方石锤！", "url": "//www.qidian.com/chapter/1039339009/787527298/"}, {"name": "第三十五章 我们是第一！（1/2求追读）", "url": "//www.qidian.com/chapter/1039339009/787559812/"}, {"name": "第三十六章 春季赛分组！谁能忘记那场金色的雨？", "url": "//www.qidian.com/chapter/1039339009/787660306/"}, {"name": "第三十七章 此后如竟没有炬火，龙哥便是峡谷唯一的光！", "url": "//www.qidian.com/chapter/1039339009/787683262/"}, {"name": "第三十八章 万众期待！春季赛的对决！（超级大章求追读）", "url": "//www.qidian.com/chapter/1039339009/787737337/"}, {"name": "第三十九章 快把龙哥抬上来！（万字爆发求追读）", "url": "//www.qidian.com/chapter/1039339009/787782945/"}, {"name": "第四十章 没有人能逃过深海的制裁！（1/2）", "url": "//www.qidian.com/chapter/1039339009/787848469/"}, {"name": "Py一波~", "url": "//www.qidian.com/chapter/1039339009/787938909/"}, {"name": "第四十二章 绝食流上单？龙哥开了？（2/2）", "url": "//www.qidian.com/chapter/1039339009/787949211/"}, {"name": "第四十三章 大海无量！龙哥指哪我打哪！（1/2）", "url": "//www.qidian.com/chapter/1039339009/787968386/"}, {"name": "第四十四章 深海王！R闪三角杀！（2/2）", "url": "//www.qidian.com/chapter/1039339009/788088407/"}, {"name": "第四十五章 天外飞坦！扳回一局！（1/2）", "url": "//www.qidian.com/chapter/1039339009/788088548/"}, {"name": "第四十六章 他凭什么赢我们？那就看我表演！（2/2求追读）", "url": "//www.qidian.com/chapter/1039339009/788189075/"}, {"name": "第四十七章 让一追二，王道之心！（二合一求追读）", "url": "//www.qidian.com/chapter/1039339009/788210421/"}, {"name": "第四十八章 我还是喜欢你桀骜不驯的样子 （1/2求追读）", "url": "//www.qidian.com/chapter/1039339009/788276377/"}, {"name": "第四十九章 迎战杂技队，血洗灵石路？（2/2求追读）", "url": "//www.qidian.com/chapter/1039339009/788342311/"}, {"name": "第五十章 LGD上当了！虐杀Fakerの那个男人！", "url": "//www.qidian.com/chapter/1039339009/788366870/"}, {"name": "第五十一章 中韩大战！SKT-Overlord正在连接！", "url": "//www.qidian.com/chapter/1039339009/788419659/"}, {"name": "第五十二章 大飞别回头，我是皮纳特！（1/2求追读）", "url": "//www.qidian.com/chapter/1039339009/788444348/"}, {"name": "第五十三章 朴实啤酒人！神：我踏马怎么A不出来啊！(2/2大章求追读)", "url": "//www.qidian.com/chapter/1039339009/788503099/"}, {"name": "第五十四章 击剑邀请！他们都叫我剑仙！（1/2）", "url": "//www.qidian.com/chapter/1039339009/788549226/"}, {"name": "第五十五章 上单教父！不知道该怎么输？（2/2）", "url": "//www.qidian.com/chapter/1039339009/788608069/"}, {"name": "第五十六章 大家一起玩杂技！不搞事会死？（二合一求追读）", "url": "//www.qidian.com/chapter/1039339009/788647290/"}, {"name": "第五十七章 坏了！遇到高手了！（二合一求追读）", "url": "//www.qidian.com/chapter/1039339009/788733975/"}]}