{"name": "不放纵能叫神豪吗？", "url": "//www.qidian.com/book/1039375055/", "chapters": [{"name": "第1章 欲买桂花同载酒", "url": "//www.qidian.com/chapter/1039375055/785198390/"}, {"name": "第2章 八百亩水田被征收了", "url": "//www.qidian.com/chapter/1039375055/785199693/"}, {"name": "第3章 这不是妥妥的性别歧视嘛？", "url": "//www.qidian.com/chapter/1039375055/785199350/"}, {"name": "第4章 精神供养", "url": "//www.qidian.com/chapter/1039375055/785199657/"}, {"name": "第5章 男人最大的成功就是支付成功", "url": "//www.qidian.com/chapter/1039375055/785199623/"}, {"name": "第6章 钱这玩意是真养人啊", "url": "//www.qidian.com/chapter/1039375055/785209498/"}, {"name": "第7章 星辰传媒一二三姐", "url": "//www.qidian.com/chapter/1039375055/785343845/"}, {"name": "第8章 洋房火锅", "url": "//www.qidian.com/chapter/1039375055/785419713/"}, {"name": "第9章 这他妈是平平无奇？", "url": "//www.qidian.com/chapter/1039375055/785489988/"}, {"name": "第10章 你做什么工作的？", "url": "//www.qidian.com/chapter/1039375055/785500790/"}, {"name": "第11章 谁家吃火锅不配油碟啊？", "url": "//www.qidian.com/chapter/1039375055/785560232/"}, {"name": "第12章 好好好，真是富二代是吧？", "url": "//www.qidian.com/chapter/1039375055/785560341/"}, {"name": "第13章 福尔摩斯=林佳韵", "url": "//www.qidian.com/chapter/1039375055/785662174/"}, {"name": "第14章 现实本该就是如此", "url": "//www.qidian.com/chapter/1039375055/785662073/"}, {"name": "第15章 营销能亲能摸吗？", "url": "//www.qidian.com/chapter/1039375055/785759842/"}, {"name": "第16章 心态转变", "url": "//www.qidian.com/chapter/1039375055/785759570/"}, {"name": "第17章 想我喂你喝奶了？", "url": "//www.qidian.com/chapter/1039375055/785895310/"}, {"name": "第18章 跟喜欢你一样喜欢她", "url": "//www.qidian.com/chapter/1039375055/785895298/"}, {"name": "第19章 呀，好硬", "url": "//www.qidian.com/chapter/1039375055/785973272/"}, {"name": "第20章 装逼哪里还有过时的？", "url": "//www.qidian.com/chapter/1039375055/785973064/"}, {"name": "第21章 狂欢", "url": "//www.qidian.com/chapter/1039375055/786073813/"}, {"name": "第22章 真诚才是唯一的必杀技", "url": "//www.qidian.com/chapter/1039375055/786079372/"}, {"name": "第23章 别人的白月光就不是白月光了？", "url": "//www.qidian.com/chapter/1039375055/786151111/"}, {"name": "第24章 谁家好人会花100万去学厨艺啊？", "url": "//www.qidian.com/chapter/1039375055/786234300/"}, {"name": "第25章 古道热肠", "url": "//www.qidian.com/chapter/1039375055/786234338/"}, {"name": "第26章 300万还在乎性价比？", "url": "//www.qidian.com/chapter/1039375055/786312368/"}, {"name": "第27章 年少有为开宾利", "url": "//www.qidian.com/chapter/1039375055/786312305/"}, {"name": "第28章 飞驰", "url": "//www.qidian.com/chapter/1039375055/786428875/"}, {"name": "第29章 宾利立的不是标", "url": "//www.qidian.com/chapter/1039375055/786428551/"}, {"name": "第30章 为18岁那年的豪言壮语买单", "url": "//www.qidian.com/chapter/1039375055/786436759/"}, {"name": "第31章 你的农村白月光在哪里？", "url": "//www.qidian.com/chapter/1039375055/786517686/"}, {"name": "第32章 来一场说走就走的旅行", "url": "//www.qidian.com/chapter/1039375055/786657014/"}, {"name": "第33章 林然", "url": "//www.qidian.com/chapter/1039375055/786657096/"}, {"name": "第34章 贵的不一定好，但好的一定很贵", "url": "//www.qidian.com/chapter/1039375055/786774316/"}, {"name": "第35章 享受也是一种放纵", "url": "//www.qidian.com/chapter/1039375055/786774274/"}, {"name": "第36章 有男朋友＝攻速暴击加成50%", "url": "//www.qidian.com/chapter/1039375055/786845306/"}, {"name": "第37章 五代贫农，又红又专", "url": "//www.qidian.com/chapter/1039375055/786845410/"}, {"name": "第38章 干啥都是纵欲呗？", "url": "//www.qidian.com/chapter/1039375055/786865303/"}, {"name": "第39章 人与人之间的参差(修改后)", "url": "//www.qidian.com/chapter/1039375055/787097430/"}, {"name": "第40章 花22万买了1600块", "url": "//www.qidian.com/chapter/1039375055/787098213/"}, {"name": "第41章 什么都玉只会害了你！", "url": "//www.qidian.com/chapter/1039375055/787245701/"}, {"name": "第42章 吃定段坤计划", "url": "//www.qidian.com/chapter/1039375055/787246039/"}, {"name": "第43章 你有你的阳春白雪，我当我的下里巴人", "url": "//www.qidian.com/chapter/1039375055/787247538/"}, {"name": "第44章 你看，什么东西是花钱解决不了的？", "url": "//www.qidian.com/chapter/1039375055/787376283/"}, {"name": "第45章 至此，艺术已成", "url": "//www.qidian.com/chapter/1039375055/787535623/"}, {"name": "第46章 正人君子是你的谎言", "url": "//www.qidian.com/chapter/1039375055/787535787/"}, {"name": "第47章 难道是13香？", "url": "//www.qidian.com/chapter/1039375055/787535438/"}, {"name": "第48章 你还没问价格呢", "url": "//www.qidian.com/chapter/1039375055/787660872/"}, {"name": "第49章 最廉价的就是一事无成的温柔", "url": "//www.qidian.com/chapter/1039375055/787741066/"}, {"name": "第50章 放心，我不会影响你跟你男朋友的感情", "url": "//www.qidian.com/chapter/1039375055/787741112/"}, {"name": "第51章 有钱的感觉原来这么好", "url": "//www.qidian.com/chapter/1039375055/787821368/"}, {"name": "第52章 收下牙，有点疼", "url": "//www.qidian.com/chapter/1039375055/787821131/"}, {"name": "第53章 心态转变", "url": "//www.qidian.com/chapter/1039375055/787951006/"}, {"name": "第54章 这房间名怕不是有点违规哟", "url": "//www.qidian.com/chapter/1039375055/787535308/"}, {"name": "第55章 站高哥，你破防了吗？", "url": "//www.qidian.com/chapter/1039375055/787969461/"}, {"name": "第56章 有人高级餐厅打卡，有人下楼吃个便饭", "url": "//www.qidian.com/chapter/1039375055/788060378/"}, {"name": "第57章 人要是没钱，做自己都是奢侈", "url": "//www.qidian.com/chapter/1039375055/788196997/"}, {"name": "第58章 渣男三十六计之围魏救赵", "url": "//www.qidian.com/chapter/1039375055/788196601/"}, {"name": "简单聊一聊这本书，读者必看", "url": "//www.qidian.com/chapter/1039375055/788233827/"}, {"name": "第59章 我炫富是赚钱的", "url": "//www.qidian.com/chapter/1039375055/788272101/"}, {"name": "第60章 女朋友是女朋友，宝宝是宝宝", "url": "//www.qidian.com/chapter/1039375055/788271619/"}, {"name": "第61章 先天渣男圣体", "url": "//www.qidian.com/chapter/1039375055/788307242/"}, {"name": "第62章 被动装逼也叫纵欲？", "url": "//www.qidian.com/chapter/1039375055/788306604/"}, {"name": "第63章 古希腊掌管装逼的神", "url": "//www.qidian.com/chapter/1039375055/788400558/"}, {"name": "第64章 找到纵欲新方向", "url": "//www.qidian.com/chapter/1039375055/788400288/"}, {"name": "第65章 妈，我买房了", "url": "//www.qidian.com/chapter/1039375055/788452402/"}, {"name": "第66章 世界是个巨大的婊子", "url": "//www.qidian.com/chapter/1039375055/788452395/"}, {"name": "第67章 有钱人的快乐真的那么简单吗（求追读）", "url": "//www.qidian.com/chapter/1039375055/788620522/"}, {"name": "第68章 特权太香了...（求追读）", "url": "//www.qidian.com/chapter/1039375055/788620972/"}, {"name": "第69章 能给你多少，在于你在我这里的价值", "url": "//www.qidian.com/chapter/1039375055/788737730/"}, {"name": "第70章 因为爱情本来就是一种奢侈品", "url": "//www.qidian.com/chapter/1039375055/788737897/"}]}