{"name": "一品寒门", "url": "//www.qidian.com/book/1039293776/", "chapters": [{"name": "第一章 孀嫂", "url": "//www.qidian.com/chapter/1039293776/784617292/"}, {"name": "第二章 酿酒", "url": "//www.qidian.com/chapter/1039293776/784616973/"}, {"name": "第三章 种田的开端", "url": "//www.qidian.com/chapter/1039293776/784616995/"}, {"name": "第四章 原酒", "url": "//www.qidian.com/chapter/1039293776/784617023/"}, {"name": "第五章 成果", "url": "//www.qidian.com/chapter/1039293776/784617149/"}, {"name": "第六章 晋朝县城", "url": "//www.qidian.com/chapter/1039293776/784617428/"}, {"name": "第七章 好春光", "url": "//www.qidian.com/chapter/1039293776/784617456/"}, {"name": "第八章 抢水械斗", "url": "//www.qidian.com/chapter/1039293776/784617325/"}, {"name": "第九章 内情", "url": "//www.qidian.com/chapter/1039293776/784617574/"}, {"name": "第十章 庶子", "url": "//www.qidian.com/chapter/1039293776/784791717/"}, {"name": "第十一章 增值税", "url": "//www.qidian.com/chapter/1039293776/784791859/"}, {"name": "第十二章 价格双轨制", "url": "//www.qidian.com/chapter/1039293776/784792374/"}, {"name": "第十三章 纳税先进户", "url": "//www.qidian.com/chapter/1039293776/784838062/"}, {"name": "第十四章 终成宾客", "url": "//www.qidian.com/chapter/1039293776/784838244/"}, {"name": "第十五章 翾风", "url": "//www.qidian.com/chapter/1039293776/784896270/"}, {"name": "第十六章 叔嫂", "url": "//www.qidian.com/chapter/1039293776/784896392/"}, {"name": "第十七章 宾客等级", "url": "//www.qidian.com/chapter/1039293776/784970135/"}, {"name": "第十八章 献策", "url": "//www.qidian.com/chapter/1039293776/784971360/"}, {"name": "第十九章 心学的强大功效", "url": "//www.qidian.com/chapter/1039293776/784970920/"}, {"name": "第二十章 令人迷惑的卢祎", "url": "//www.qidian.com/chapter/1039293776/785113092/"}, {"name": "第二十一章 披甲熊罴", "url": "//www.qidian.com/chapter/1039293776/785113512/"}, {"name": "第二十二章 竹子武器的强大", "url": "//www.qidian.com/chapter/1039293776/785151910/"}, {"name": "第二十三章 大胜", "url": "//www.qidian.com/chapter/1039293776/785151868/"}, {"name": "第二十四章 战利品", "url": "//www.qidian.com/chapter/1039293776/785152071/"}, {"name": "第二十五章 圈定地契", "url": "//www.qidian.com/chapter/1039293776/785152649/"}, {"name": "第二十六章 红五类", "url": "//www.qidian.com/chapter/1039293776/785152947/"}, {"name": "第二十七章 新政变法", "url": "//www.qidian.com/chapter/1039293776/785242588/"}, {"name": "第二十八章 士族带头交税，事后二八分账", "url": "//www.qidian.com/chapter/1039293776/785242334/"}, {"name": "第二十九章 督护的决定", "url": "//www.qidian.com/chapter/1039293776/785243134/"}, {"name": "第三十章 黑五类", "url": "//www.qidian.com/chapter/1039293776/785349506/"}, {"name": "第三十一章 藏匿了私盐", "url": "//www.qidian.com/chapter/1039293776/785349482/"}, {"name": "第三十二章 收获", "url": "//www.qidian.com/chapter/1039293776/785350565/"}, {"name": "第三十三章 祖氏庄园", "url": "//www.qidian.com/chapter/1039293776/785351726/"}, {"name": "第三十四章 女娇娥，男儿郎", "url": "//www.qidian.com/chapter/1039293776/785351947/"}, {"name": "第三十五章 土断", "url": "//www.qidian.com/chapter/1039293776/785419275/"}, {"name": "第三十六章 获得中正评乡品的唯一机会", "url": "//www.qidian.com/chapter/1039293776/785419536/"}, {"name": "第三十七章 新居", "url": "//www.qidian.com/chapter/1039293776/785419887/"}, {"name": "第三十八章 做官了", "url": "//www.qidian.com/chapter/1039293776/785500956/"}, {"name": "第三十九章 贾南风的布筹", "url": "//www.qidian.com/chapter/1039293776/785500921/"}, {"name": "第四十章 阴阳人", "url": "//www.qidian.com/chapter/1039293776/785501757/"}, {"name": "第四十一章 激化侨民和南民的矛盾", "url": "//www.qidian.com/chapter/1039293776/785581257/"}, {"name": "第四十二章 翾风的另一面", "url": "//www.qidian.com/chapter/1039293776/785581437/"}, {"name": "第四十三章 任性", "url": "//www.qidian.com/chapter/1039293776/785581565/"}, {"name": "第四十四章 潜规矩", "url": "//www.qidian.com/chapter/1039293776/785581953/"}, {"name": "第四十五章 可以蓄养的部曲数量", "url": "//www.qidian.com/chapter/1039293776/785582949/"}, {"name": "第四十六章 时间紧迫了", "url": "//www.qidian.com/chapter/1039293776/785660825/"}, {"name": "第四十七章 公乘雄来了", "url": "//www.qidian.com/chapter/1039293776/785690251/"}, {"name": "第四十八章 预热", "url": "//www.qidian.com/chapter/1039293776/785690640/"}, {"name": "第四十九章 卢氏成为豪族的契机", "url": "//www.qidian.com/chapter/1039293776/785690957/"}, {"name": "第五十章 乡闾豪族", "url": "//www.qidian.com/chapter/1039293776/785772033/"}, {"name": "第五十一章 豪族领袖", "url": "//www.qidian.com/chapter/1039293776/785772007/"}, {"name": "第五十二章 卢祎的后手", "url": "//www.qidian.com/chapter/1039293776/785915033/"}, {"name": "第五十三章 惊人的骁勇", "url": "//www.qidian.com/chapter/1039293776/785915050/"}, {"name": "第五十四章 士族风雅", "url": "//www.qidian.com/chapter/1039293776/785915148/"}, {"name": "第五十五章 南渡再次开启", "url": "//www.qidian.com/chapter/1039293776/785998626/"}, {"name": "第五十六章 太学生", "url": "//www.qidian.com/chapter/1039293776/785998917/"}, {"name": "第五十七章 黥面", "url": "//www.qidian.com/chapter/1039293776/785999425/"}, {"name": "第五十八章 持节和非持节", "url": "//www.qidian.com/chapter/1039293776/786157180/"}, {"name": "第五十九章 郗璇去坞堡", "url": "//www.qidian.com/chapter/1039293776/786157580/"}, {"name": "第六十章 百姓", "url": "//www.qidian.com/chapter/1039293776/786251187/"}, {"name": "第六十一章 十面埋伏", "url": "//www.qidian.com/chapter/1039293776/786251859/"}, {"name": "第六十二章 非人", "url": "//www.qidian.com/chapter/1039293776/786252098/"}, {"name": "第六十三章 关张之勇", "url": "//www.qidian.com/chapter/1039293776/786252432/"}, {"name": "第六十四章 社祭", "url": "//www.qidian.com/chapter/1039293776/786535263/"}, {"name": "第六十五章 打造共同利益体", "url": "//www.qidian.com/chapter/1039293776/786535546/"}, {"name": "第六十六章 推行试点的好地方", "url": "//www.qidian.com/chapter/1039293776/786535899/"}, {"name": "第六十七章 疑点重重", "url": "//www.qidian.com/chapter/1039293776/786536850/"}, {"name": "第六十八章 人奶喂猪", "url": "//www.qidian.com/chapter/1039293776/786536813/"}, {"name": "第六十九章 未成丁", "url": "//www.qidian.com/chapter/1039293776/786536993/"}, {"name": "第七十章 宾客品第上升了", "url": "//www.qidian.com/chapter/1039293776/786630169/"}, {"name": "第七十一章 公审", "url": "//www.qidian.com/chapter/1039293776/786630417/"}, {"name": "第七十二章 宰了未成丁的小畜生", "url": "//www.qidian.com/chapter/1039293776/786631394/"}, {"name": "第七十三章 碰瓷", "url": "//www.qidian.com/chapter/1039293776/786631996/"}, {"name": "第七十四章 起死回生", "url": "//www.qidian.com/chapter/1039293776/786632998/"}, {"name": "第七十五章 人命如草芥", "url": "//www.qidian.com/chapter/1039293776/786784372/"}, {"name": "第七十六章 新政的嚆矢", "url": "//www.qidian.com/chapter/1039293776/786837588/"}, {"name": "第七十七章 南民、侨民全都受益", "url": "//www.qidian.com/chapter/1039293776/786838400/"}, {"name": "第七十八章 黄白籍新政", "url": "//www.qidian.com/chapter/1039293776/787040437/"}, {"name": "第七十九章 黄白籍新政的真正意图", "url": "//www.qidian.com/chapter/1039293776/787040669/"}, {"name": "第八十章 打造二十名具装骑兵的战马", "url": "//www.qidian.com/chapter/1039293776/787165772/"}, {"name": "第八十一章 黄册完成", "url": "//www.qidian.com/chapter/1039293776/787167179/"}, {"name": "第八十二章 征收万匹布", "url": "//www.qidian.com/chapter/1039293776/787169125/"}, {"name": "第八十三章 间接缓解土地兼并", "url": "//www.qidian.com/chapter/1039293776/787242984/"}, {"name": "第八十四章 美人纸", "url": "//www.qidian.com/chapter/1039293776/787243561/"}, {"name": "第八十五章 又见翾风", "url": "//www.qidian.com/chapter/1039293776/787674940/"}, {"name": "第八十六章 变法结果禀报给祖逖", "url": "//www.qidian.com/chapter/1039293776/787674730/"}, {"name": "第八十七章 晋升幸舍宾客", "url": "//www.qidian.com/chapter/1039293776/788134412/"}, {"name": "第八十八章 酿酒权和卖酒权一起到手", "url": "//www.qidian.com/chapter/1039293776/788728893/"}, {"name": "第八十九章 沈郎钱贬值的原因", "url": "//www.qidian.com/chapter/1039293776/788729377/"}]}