{"name": "东京：你就是这么谈恋爱的吗？！", "url": "//www.qidian.com/book/1039135782/", "chapters": [{"name": "第一章 森光同学，请加入我的后宫吧", "url": "//www.qidian.com/chapter/1039135782/783232278/"}, {"name": "第二章 我一定会攻略你！", "url": "//www.qidian.com/chapter/1039135782/783315436/"}, {"name": "第三章 我绝对不会喜欢你！", "url": "//www.qidian.com/chapter/1039135782/783357660/"}, {"name": "第四章 又被他帮了一把", "url": "//www.qidian.com/chapter/1039135782/783404957/"}, {"name": "第五章 最差劲最糟糕的告白！", "url": "//www.qidian.com/chapter/1039135782/783458648/"}, {"name": "第六章 她那想要刀人的眼神", "url": "//www.qidian.com/chapter/1039135782/784505230/"}, {"name": "第七章 怎么会这样？！", "url": "//www.qidian.com/chapter/1039135782/784577608/"}, {"name": "第八章 这个满嘴谎言的骗子！", "url": "//www.qidian.com/chapter/1039135782/784608833/"}, {"name": "第九章 我走在一条无比正确的道路上！", "url": "//www.qidian.com/chapter/1039135782/784670284/"}, {"name": "第十章 一语惊醒梦中人", "url": "//www.qidian.com/chapter/1039135782/784740670/"}, {"name": "第十一章 他必将让全世界都为之震惊！", "url": "//www.qidian.com/chapter/1039135782/784797489/"}, {"name": "第十二章 她们对我来说才是最重要的", "url": "//www.qidian.com/chapter/1039135782/784823996/"}, {"name": "第十三章 我有一件非常重要的事情要拜托你！", "url": "//www.qidian.com/chapter/1039135782/784871613/"}, {"name": "第十四章 北川诚的‘秘密基地’", "url": "//www.qidian.com/chapter/1039135782/784896150/"}, {"name": "第十五章 他也太厉害了吧？！", "url": "//www.qidian.com/chapter/1039135782/784944823/"}, {"name": "第十六章 愿意就是愿意，不愿意就是不愿意", "url": "//www.qidian.com/chapter/1039135782/784977273/"}, {"name": "第十七章 你们越是反对我，就越说明我做对了！", "url": "//www.qidian.com/chapter/1039135782/785035739/"}, {"name": "第十八章 她们都万分紧张", "url": "//www.qidian.com/chapter/1039135782/785064246/"}, {"name": "第十九章 与有荣焉", "url": "//www.qidian.com/chapter/1039135782/785118786/"}, {"name": "第二十章 拜托你们了！", "url": "//www.qidian.com/chapter/1039135782/785151767/"}, {"name": "第二十一章 既然你诚心诚意的发问了", "url": "//www.qidian.com/chapter/1039135782/785217093/"}, {"name": "第二十二章 霜月学妹，还真是好巧啊", "url": "//www.qidian.com/chapter/1039135782/785246761/"}, {"name": "第二十三章 非常感谢你喔！", "url": "//www.qidian.com/chapter/1039135782/785329641/"}, {"name": "第二十四章 请问你为什么总是这么自信？", "url": "//www.qidian.com/chapter/1039135782/785356894/"}, {"name": "第二十五章 你是选择我呢，还是选择森光学姐呢？", "url": "//www.qidian.com/chapter/1039135782/785407568/"}, {"name": "第二十六章 如果，只是如果", "url": "//www.qidian.com/chapter/1039135782/785429565/"}, {"name": "第二十七章 你真的非常厉害！", "url": "//www.qidian.com/chapter/1039135782/785482833/"}, {"name": "第二十八章 请问你的眼光有多高？", "url": "//www.qidian.com/chapter/1039135782/785507151/"}, {"name": "第二十九章 你们两个可千万不能像她一样", "url": "//www.qidian.com/chapter/1039135782/785556377/"}, {"name": "第三十章 我已经将你这话记录下来了", "url": "//www.qidian.com/chapter/1039135782/785590094/"}, {"name": "第三十一章 我真傻！我真是太傻了！", "url": "//www.qidian.com/chapter/1039135782/785656683/"}, {"name": "第三十二章 你们的眼神已经出卖了你们【求追读】", "url": "//www.qidian.com/chapter/1039135782/785693596/"}, {"name": "第三十三章 你们暴露了你们的内心世界！", "url": "//www.qidian.com/chapter/1039135782/785751841/"}, {"name": "第三十四章 真的必须得好好管这烂透的家伙了！", "url": "//www.qidian.com/chapter/1039135782/785815010/"}, {"name": "第三十五章 完全截然不同的感受", "url": "//www.qidian.com/chapter/1039135782/785872212/"}, {"name": "第三十六章 千万别说这种话！", "url": "//www.qidian.com/chapter/1039135782/785926475/"}, {"name": "第三十七章 要不也给他买吧？", "url": "//www.qidian.com/chapter/1039135782/785969858/"}, {"name": "第三十八章 他的声音似乎有种非常神奇的魔力", "url": "//www.qidian.com/chapter/1039135782/786008456/"}, {"name": "第三十九章 你们不用这么羡慕吧？", "url": "//www.qidian.com/chapter/1039135782/786065529/"}, {"name": "第四十章 接下来，就是见证奇迹的时刻！", "url": "//www.qidian.com/chapter/1039135782/786087920/"}, {"name": "第四十一章 你想给谁就给谁", "url": "//www.qidian.com/chapter/1039135782/786137100/"}, {"name": "第四十二章 我们大家一起努力！【求追读】", "url": "//www.qidian.com/chapter/1039135782/786163960/"}, {"name": "第四十三章 她们的初次合照", "url": "//www.qidian.com/chapter/1039135782/786214110/"}, {"name": "第四十四章 她妈妈回来了！", "url": "//www.qidian.com/chapter/1039135782/786254424/"}, {"name": "第四十五章 被他知道了！", "url": "//www.qidian.com/chapter/1039135782/786311620/"}, {"name": "第四十六章 你怎么知道他的？！【求追读】", "url": "//www.qidian.com/chapter/1039135782/786361483/"}, {"name": "第四十七章 擅长捉弄的森光同学", "url": "//www.qidian.com/chapter/1039135782/786416896/"}, {"name": "第四十八章 这不是你最擅长的事吗？", "url": "//www.qidian.com/chapter/1039135782/786454836/"}, {"name": "第四十九章 真的真的一点都不害怕！", "url": "//www.qidian.com/chapter/1039135782/786509045/"}, {"name": "第五十章 我们还是去你家睡吧", "url": "//www.qidian.com/chapter/1039135782/786552101/"}, {"name": "第五十一章 唯独这一次，我会非常的任性", "url": "//www.qidian.com/chapter/1039135782/786623261/"}, {"name": "第五十二章 如果只剩我的房间，你没进过看过的话", "url": "//www.qidian.com/chapter/1039135782/786701764/"}, {"name": "第五十三章 她在撒谎？！", "url": "//www.qidian.com/chapter/1039135782/786760651/"}, {"name": "第五十四章 天不生我北川诚", "url": "//www.qidian.com/chapter/1039135782/786791276/"}, {"name": "第五十五章 她们也决定来他家过夜了", "url": "//www.qidian.com/chapter/1039135782/786836921/"}, {"name": "第五十六章 如果她们不去，票不就浪费了么？", "url": "//www.qidian.com/chapter/1039135782/786867622/"}, {"name": "第五十七章 惊为天人", "url": "//www.qidian.com/chapter/1039135782/786914904/"}, {"name": "第五十八章 我们得有所表示", "url": "//www.qidian.com/chapter/1039135782/787048394/"}, {"name": "第五十九章 果然如我所料", "url": "//www.qidian.com/chapter/1039135782/787100585/"}, {"name": "第六十章 幸运的好事【求追读】", "url": "//www.qidian.com/chapter/1039135782/787182319/"}, {"name": "第六十一章 不要误会，我不是针对他", "url": "//www.qidian.com/chapter/1039135782/787232353/"}, {"name": "第六十二章 你终于承认那是你男友啦？", "url": "//www.qidian.com/chapter/1039135782/787294867/"}, {"name": "第六十三章 难怪看她们感觉有点面熟", "url": "//www.qidian.com/chapter/1039135782/787350892/"}, {"name": "第六十四章 除了我妈妈，就只有北川学长你了", "url": "//www.qidian.com/chapter/1039135782/787425964/"}, {"name": "第六十五章 我也有个问题想问问你们", "url": "//www.qidian.com/chapter/1039135782/787531685/"}, {"name": "第六十六章 她下定了决心！", "url": "//www.qidian.com/chapter/1039135782/787595636/"}, {"name": "第六十七章 我可以", "url": "//www.qidian.com/chapter/1039135782/787657189/"}, {"name": "第六十八章 又不是没有过", "url": "//www.qidian.com/chapter/1039135782/787688794/"}, {"name": "第六十九章 你们这是第几次了啊？", "url": "//www.qidian.com/chapter/1039135782/787735913/"}, {"name": "第七十章 不得不承认，现在是他比较强！", "url": "//www.qidian.com/chapter/1039135782/787763641/"}, {"name": "第七十一章 只有我才能做到这种事！", "url": "//www.qidian.com/chapter/1039135782/787815663/"}, {"name": "第七十二章 请你好好的向我倾诉！", "url": "//www.qidian.com/chapter/1039135782/787883768/"}, {"name": "第七十三章 现在换我来拥抱你", "url": "//www.qidian.com/chapter/1039135782/787934802/"}, {"name": "第七十四章 他已经在路上了！【求追读】", "url": "//www.qidian.com/chapter/1039135782/787975185/"}, {"name": "第七十五章 如果不是在她们面前的话", "url": "//www.qidian.com/chapter/1039135782/788054361/"}, {"name": "第七十六章 我来给你证据！", "url": "//www.qidian.com/chapter/1039135782/788133777/"}, {"name": "第七十七章 天不怕地不怕", "url": "//www.qidian.com/chapter/1039135782/788187454/"}, {"name": "第七十八章 我还挺喜欢听的", "url": "//www.qidian.com/chapter/1039135782/788214884/"}, {"name": "第七十九章 她作出了一个非常艰难的决定", "url": "//www.qidian.com/chapter/1039135782/788261603/"}, {"name": "第八十章 你昨晚是不是睡得非常好？", "url": "//www.qidian.com/chapter/1039135782/788294485/"}, {"name": "第八十一章 一波未平一波又起", "url": "//www.qidian.com/chapter/1039135782/788339979/"}, {"name": "第八十二章 你这家伙有时候就是个魔鬼！", "url": "//www.qidian.com/chapter/1039135782/788371724/"}, {"name": "第八十三章 千万不要让她发现！", "url": "//www.qidian.com/chapter/1039135782/788417414/"}, {"name": "第八十四章 如果这样你就能放心的话", "url": "//www.qidian.com/chapter/1039135782/788450738/"}, {"name": "第八十五章 下次不要有任何的犹豫迟疑！", "url": "//www.qidian.com/chapter/1039135782/788499924/"}, {"name": "第八十六章 她要的是永远！", "url": "//www.qidian.com/chapter/1039135782/788555266/"}, {"name": "第八十七章 喜笑颜开", "url": "//www.qidian.com/chapter/1039135782/788604680/"}, {"name": "第八十八章 ‘开门有惊喜’", "url": "//www.qidian.com/chapter/1039135782/788666498/"}, {"name": "第八十九章 感觉超级棒呢", "url": "//www.qidian.com/chapter/1039135782/788724253/"}, {"name": "第九十章 你说句话啊！", "url": "//www.qidian.com/chapter/1039135782/788774132/"}, {"name": "第九十一章 你不要过来啊！", "url": "//www.qidian.com/chapter/1039135782/788817539/"}, {"name": "第九十二章 你以前有和女孩子接吻过吗？", "url": "//www.qidian.com/chapter/1039135782/788863097/"}]}