{"name": "1982从香江开始", "url": "//www.qidian.com/book/1039483548/", "chapters": [{"name": "第1章 翟远", "url": "//www.qidian.com/chapter/1039483548/785979111/"}, {"name": "第2章 从明天开始搞钱", "url": "//www.qidian.com/chapter/1039483548/786009997/"}, {"name": "第3章 古惑仔", "url": "//www.qidian.com/chapter/1039483548/786057360/"}, {"name": "第4章 至少得死一个", "url": "//www.qidian.com/chapter/1039483548/786057574/"}, {"name": "第5章 血衣事件", "url": "//www.qidian.com/chapter/1039483548/786143831/"}, {"name": "第6章 鲁智深倒拔林黛玉", "url": "//www.qidian.com/chapter/1039483548/786144205/"}, {"name": "第7章 翟老板星夜出仙宫", "url": "//www.qidian.com/chapter/1039483548/786179762/"}, {"name": "第8章 是我亲妹妹", "url": "//www.qidian.com/chapter/1039483548/786179815/"}, {"name": "第9章 赵美珍的顾虑", "url": "//www.qidian.com/chapter/1039483548/786179958/"}, {"name": "第10章 第二桶金", "url": "//www.qidian.com/chapter/1039483548/786179861/"}, {"name": "第11章 薛婉恩", "url": "//www.qidian.com/chapter/1039483548/786179792/"}, {"name": "第12章 我有个主意", "url": "//www.qidian.com/chapter/1039483548/786180059/"}, {"name": "第13章 穷鬼万岁", "url": "//www.qidian.com/chapter/1039483548/786180004/"}, {"name": "第14章 都重生了谁还考大学啊", "url": "//www.qidian.com/chapter/1039483548/786274535/"}, {"name": "第15章 竹苗生菜花", "url": "//www.qidian.com/chapter/1039483548/786513402/"}, {"name": "第16章 被套路了", "url": "//www.qidian.com/chapter/1039483548/786622818/"}, {"name": "第17章 面试正式开始", "url": "//www.qidian.com/chapter/1039483548/786718966/"}, {"name": "第18章 老翟家要绝后了", "url": "//www.qidian.com/chapter/1039483548/786749601/"}, {"name": "第19章 你女朋友真棒", "url": "//www.qidian.com/chapter/1039483548/786825958/"}, {"name": "第20章 正式营业", "url": "//www.qidian.com/chapter/1039483548/786853508/"}, {"name": "第21章 我叫海玫，周海玫", "url": "//www.qidian.com/chapter/1039483548/786885998/"}, {"name": "第22章 我是主角啊", "url": "//www.qidian.com/chapter/1039483548/787056509/"}, {"name": "第23章 玉石骗局", "url": "//www.qidian.com/chapter/1039483548/787100152/"}, {"name": "第24章 闹狗令", "url": "//www.qidian.com/chapter/1039483548/787192866/"}, {"name": "第25章 我带你回家", "url": "//www.qidian.com/chapter/1039483548/787214078/"}, {"name": "第26章 录像厅的延展业务", "url": "//www.qidian.com/chapter/1039483548/787306536/"}, {"name": "第27章 下半年的目标", "url": "//www.qidian.com/chapter/1039483548/787341023/"}, {"name": "第28章 查封录像厅", "url": "//www.qidian.com/chapter/1039483548/787416799/"}, {"name": "第29章 流氓大状沈威", "url": "//www.qidian.com/chapter/1039483548/787509435/"}, {"name": "第30章 参鲍翅肚冚家铲", "url": "//www.qidian.com/chapter/1039483548/787538086/"}, {"name": "第31章 我只表演一次", "url": "//www.qidian.com/chapter/1039483548/787649394/"}, {"name": "第32章 我唾弃你的坟墓", "url": "//www.qidian.com/chapter/1039483548/787690073/"}, {"name": "第33章 十里平湖霜满天", "url": "//www.qidian.com/chapter/1039483548/787707373/"}, {"name": "第34章 万物皆可造假", "url": "//www.qidian.com/chapter/1039483548/787733288/"}, {"name": "第35章 送审和辟谣", "url": "//www.qidian.com/chapter/1039483548/787795166/"}, {"name": "第36章 只有鬼佬受伤的世界", "url": "//www.qidian.com/chapter/1039483548/787852678/"}, {"name": "第37章 包场", "url": "//www.qidian.com/chapter/1039483548/787910094/"}, {"name": "第38章 全港独家", "url": "//www.qidian.com/chapter/1039483548/787950295/"}, {"name": "第39章 臭男人离我远点", "url": "//www.qidian.com/chapter/1039483548/788044067/"}, {"name": "第40章 五十万富翁", "url": "//www.qidian.com/chapter/1039483548/788146053/"}, {"name": "第41章 赚够一百万我就躺平", "url": "//www.qidian.com/chapter/1039483548/788181113/"}, {"name": "第42章 耍流氓，我们是认真的", "url": "//www.qidian.com/chapter/1039483548/788198642/"}, {"name": "第43章 全是助攻", "url": "//www.qidian.com/chapter/1039483548/788258161/"}, {"name": "第44章 我的钱不够请他们", "url": "//www.qidian.com/chapter/1039483548/788297583/"}, {"name": "第45章 调换顺序", "url": "//www.qidian.com/chapter/1039483548/788316368/"}, {"name": "第46章 又见老千", "url": "//www.qidian.com/chapter/1039483548/788349383/"}, {"name": "第47章 细说肉弹", "url": "//www.qidian.com/chapter/1039483548/788392898/"}, {"name": "第48章 我被逆推了", "url": "//www.qidian.com/chapter/1039483548/788417266/"}, {"name": "第49章 第一把刀", "url": "//www.qidian.com/chapter/1039483548/788484053/"}, {"name": "第50章 建议法官阁下严查", "url": "//www.qidian.com/chapter/1039483548/788561536/"}, {"name": "第51章 大闹委员会", "url": "//www.qidian.com/chapter/1039483548/788594700/"}, {"name": "第52章 隐藏金手指", "url": "//www.qidian.com/chapter/1039483548/788613828/"}, {"name": "第53章 靠山与靠山", "url": "//www.qidian.com/chapter/1039483548/788715703/"}, {"name": "第54章 我老板请你拍戏", "url": "//www.qidian.com/chapter/1039483548/788738444/"}, {"name": "第55章 谈不拢，打真军都没兴趣", "url": "//www.qidian.com/chapter/1039483548/788811577/"}]}