{"name": "为了隐居，我骗室友去恋爱", "url": "//www.qidian.com/book/1038539287/", "chapters": [{"name": "第1章 不是因为资本家慈悲，而是因为我来过", "url": "//www.qidian.com/chapter/1038539287/774896454/"}, {"name": "第2章 大哥莫说二哥，麻子点点一样多", "url": "//www.qidian.com/chapter/1038539287/782081145/"}, {"name": "第3章 我真是来隐居的", "url": "//www.qidian.com/chapter/1038539287/782092004/"}, {"name": "第4章 家人们，这种苦谁懂哇", "url": "//www.qidian.com/chapter/1038539287/783317068/"}, {"name": "第5章 当代义父的传说", "url": "//www.qidian.com/chapter/1038539287/783352186/"}, {"name": "第6章 为了好好学习，太不容易了", "url": "//www.qidian.com/chapter/1038539287/785883715/"}, {"name": "第7章 换头术这种小伎俩而已", "url": "//www.qidian.com/chapter/1038539287/785898997/"}, {"name": "第8章 一山还有一山高", "url": "//www.qidian.com/chapter/1038539287/786055058/"}, {"name": "第9章 最高明的猎手往往以猎物的姿态出现", "url": "//www.qidian.com/chapter/1038539287/786099384/"}, {"name": "第10章 恰好这活儿我熟", "url": "//www.qidian.com/chapter/1038539287/786130010/"}, {"name": "第11章 真诚才是必杀技", "url": "//www.qidian.com/chapter/1038539287/786154865/"}, {"name": "第12章 精准把控节奏感，一切尽在掌握", "url": "//www.qidian.com/chapter/1038539287/786178563/"}, {"name": "第13章 只要略微出手就已是这个段位的极限", "url": "//www.qidian.com/chapter/1038539287/786237723/"}, {"name": "第14章 清醒的人才是孑然一身", "url": "//www.qidian.com/chapter/1038539287/786289326/"}, {"name": "第15章 你一定是为了我的美貌", "url": "//www.qidian.com/chapter/1038539287/786302386/"}, {"name": "第16章 这招完全打不过", "url": "//www.qidian.com/chapter/1038539287/786396661/"}, {"name": "第17章 有钱真的可以为所欲为", "url": "//www.qidian.com/chapter/1038539287/786404782/"}, {"name": "第18章 原来是个扶弟魔啊", "url": "//www.qidian.com/chapter/1038539287/786407301/"}, {"name": "第19章 白纸也会发芽", "url": "//www.qidian.com/chapter/1038539287/786479063/"}, {"name": "第20章 老天安排的最大", "url": "//www.qidian.com/chapter/1038539287/786496041/"}, {"name": "第21章 土拨鼠也有春天", "url": "//www.qidian.com/chapter/1038539287/786533175/"}, {"name": "第22章 不急不急，肯定有办法", "url": "//www.qidian.com/chapter/1038539287/786590583/"}, {"name": "第23章 都隐居了，还谈什么恋爱", "url": "//www.qidian.com/chapter/1038539287/786707660/"}, {"name": "第24章 不经意的毛骨悚然", "url": "//www.qidian.com/chapter/1038539287/786785101/"}, {"name": "第25章 卧槽，这老头儿", "url": "//www.qidian.com/chapter/1038539287/786812017/"}, {"name": "第26章 啥都干过", "url": "//www.qidian.com/chapter/1038539287/786825869/"}, {"name": "第27章 剧情不是这样滴", "url": "//www.qidian.com/chapter/1038539287/786826854/"}, {"name": "第28章 你就拿这个考验干部？", "url": "//www.qidian.com/chapter/1038539287/786869545/"}, {"name": "第29章 经历过的都不会白费", "url": "//www.qidian.com/chapter/1038539287/786898622/"}, {"name": "第30章 我也想低调，无奈她的实力不允许", "url": "//www.qidian.com/chapter/1038539287/786903413/"}, {"name": "第31章 还是你们两个谈恋爱吧", "url": "//www.qidian.com/chapter/1038539287/787049031/"}, {"name": "第32章 别问我在忙什么，我还得编", "url": "//www.qidian.com/chapter/1038539287/787090373/"}, {"name": "第33章 看看又不干什么", "url": "//www.qidian.com/chapter/1038539287/787196047/"}, {"name": "第34章 玩的就是这个味儿", "url": "//www.qidian.com/chapter/1038539287/787210754/"}, {"name": "第35章 不做狗，做狐狸也行", "url": "//www.qidian.com/chapter/1038539287/787221187/"}, {"name": "第36章 暖心才是一把好手", "url": "//www.qidian.com/chapter/1038539287/787292016/"}, {"name": "第37章 他们就是灰尘", "url": "//www.qidian.com/chapter/1038539287/787337732/"}, {"name": "第38章 哪有什么脾气好不好，只看谁更爱", "url": "//www.qidian.com/chapter/1038539287/787386208/"}, {"name": "第39章 年轻就是源动力", "url": "//www.qidian.com/chapter/1038539287/787404745/"}, {"name": "第40章 高端的撩妹已经是学术化了", "url": "//www.qidian.com/chapter/1038539287/787687830/"}, {"name": "第41章 就说是不是故意吧", "url": "//www.qidian.com/chapter/1038539287/787720762/"}, {"name": "第42章 啊，我没叫名字啊", "url": "//www.qidian.com/chapter/1038539287/787723128/"}, {"name": "第43章 甘为鸡犬共升天", "url": "//www.qidian.com/chapter/1038539287/787793308/"}, {"name": "第44章 无法抵挡的高空轰炸", "url": "//www.qidian.com/chapter/1038539287/787799094/"}, {"name": "第45章 巴不得你们都去谈恋爱", "url": "//www.qidian.com/chapter/1038539287/787872125/"}, {"name": "第46章 你到底在图什么", "url": "//www.qidian.com/chapter/1038539287/787919778/"}, {"name": "第47章 反正都是牛屎了", "url": "//www.qidian.com/chapter/1038539287/787924448/"}, {"name": "第48章 还能插满鲜花", "url": "//www.qidian.com/chapter/1038539287/788042331/"}, {"name": "第49章 我是个有底线的男人", "url": "//www.qidian.com/chapter/1038539287/788043260/"}, {"name": "第50章 这种事情你们也敢断章吗", "url": "//www.qidian.com/chapter/1038539287/788214266/"}, {"name": "第51章 恋爱不过是茫茫苦海的起步", "url": "//www.qidian.com/chapter/1038539287/788251580/"}, {"name": "第52章 对不起，是我逾越了", "url": "//www.qidian.com/chapter/1038539287/788311940/"}, {"name": "第53章 什么才是真正的霸道总裁", "url": "//www.qidian.com/chapter/1038539287/788326588/"}, {"name": "第54章 拜拜就拜拜，下个才更乖", "url": "//www.qidian.com/chapter/1038539287/788363836/"}, {"name": "第55章 想隐居真的太难了", "url": "//www.qidian.com/chapter/1038539287/788391676/"}, {"name": "第56章 钓鱼佬的天敌", "url": "//www.qidian.com/chapter/1038539287/788405162/"}, {"name": "第57章 你是真的抱着炸药包上啊", "url": "//www.qidian.com/chapter/1038539287/788449890/"}, {"name": "第58章 到底谁在欲擒故纵", "url": "//www.qidian.com/chapter/1038539287/788467521/"}, {"name": "第59章 逆流成河的才是柔情", "url": "//www.qidian.com/chapter/1038539287/788482625/"}, {"name": "第60章 话说什么来着", "url": "//www.qidian.com/chapter/1038539287/788543071/"}]}