{"name": "京都：我只想当君子", "url": "//www.qidian.com/book/1039527510/", "chapters": [{"name": "第1章卡在洗衣机里的嫂嫂", "url": "//www.qidian.com/chapter/1039527510/786263428/"}, {"name": "第2章迫不得已", "url": "//www.qidian.com/chapter/1039527510/786342435/"}, {"name": "第3章回味", "url": "//www.qidian.com/chapter/1039527510/786343552/"}, {"name": "第4章电车救美", "url": "//www.qidian.com/chapter/1039527510/786352046/"}, {"name": "第5章樱花", "url": "//www.qidian.com/chapter/1039527510/786351377/"}, {"name": "第6章转学生", "url": "//www.qidian.com/chapter/1039527510/786354486/"}, {"name": "第7章眼镜封印之术", "url": "//www.qidian.com/chapter/1039527510/786354442/"}, {"name": "第8章便利店", "url": "//www.qidian.com/chapter/1039527510/786369484/"}, {"name": "第9章奇怪的少女", "url": "//www.qidian.com/chapter/1039527510/786369347/"}, {"name": "第10章正确的威胁", "url": "//www.qidian.com/chapter/1039527510/786369562/"}, {"name": "第11章向神灵祈祷", "url": "//www.qidian.com/chapter/1039527510/786369601/"}, {"name": "第12章诚实是一种美德", "url": "//www.qidian.com/chapter/1039527510/786369983/"}, {"name": "第13章尴尬时分", "url": "//www.qidian.com/chapter/1039527510/786369871/"}, {"name": "第14章古典文学部", "url": "//www.qidian.com/chapter/1039527510/786369856/"}, {"name": "第15章入职成功", "url": "//www.qidian.com/chapter/1039527510/786370953/"}, {"name": "第16章护花使者", "url": "//www.qidian.com/chapter/1039527510/786370650/"}, {"name": "第17章自由行动", "url": "//www.qidian.com/chapter/1039527510/786370496/"}, {"name": "第18章来自神国的天使", "url": "//www.qidian.com/chapter/1039527510/786491505/"}, {"name": "第19章清洗伤口", "url": "//www.qidian.com/chapter/1039527510/786491391/"}, {"name": "第20章喝酒，聊天和未来", "url": "//www.qidian.com/chapter/1039527510/786491523/"}, {"name": "第21章从不空军", "url": "//www.qidian.com/chapter/1039527510/786492171/"}, {"name": "第22章扭伤", "url": "//www.qidian.com/chapter/1039527510/786586575/"}, {"name": "第23章我重吗？", "url": "//www.qidian.com/chapter/1039527510/786586772/"}, {"name": "第24章古法按摩", "url": "//www.qidian.com/chapter/1039527510/786586718/"}, {"name": "第25章就这？", "url": "//www.qidian.com/chapter/1039527510/786586781/"}, {"name": "第26章北野千秋", "url": "//www.qidian.com/chapter/1039527510/786586994/"}, {"name": "第27章奇怪的邀约", "url": "//www.qidian.com/chapter/1039527510/786743714/"}, {"name": "第28章黑田亚梨沙的一天", "url": "//www.qidian.com/chapter/1039527510/786743633/"}, {"name": "第29章黑田亚梨沙的一天（2）", "url": "//www.qidian.com/chapter/1039527510/786744209/"}, {"name": "第30章喝醉的水谷里穗", "url": "//www.qidian.com/chapter/1039527510/786743711/"}, {"name": "第31章清洁小师上线", "url": "//www.qidian.com/chapter/1039527510/786799074/"}, {"name": "第32章购物", "url": "//www.qidian.com/chapter/1039527510/786799231/"}, {"name": "第33章如果祈福能够灵验的话", "url": "//www.qidian.com/chapter/1039527510/786798502/"}, {"name": "第34章变故与追逐", "url": "//www.qidian.com/chapter/1039527510/786798885/"}, {"name": "第35章痴迷", "url": "//www.qidian.com/chapter/1039527510/786799152/"}, {"name": "第36章有持无恐", "url": "//www.qidian.com/chapter/1039527510/786877822/"}, {"name": "第37章日常生活", "url": "//www.qidian.com/chapter/1039527510/786877875/"}, {"name": "第38章入部申请书", "url": "//www.qidian.com/chapter/1039527510/786877829/"}, {"name": "第39章GF事务所", "url": "//www.qidian.com/chapter/1039527510/786877816/"}, {"name": "第40章人生就像一场旅行", "url": "//www.qidian.com/chapter/1039527510/786932795/"}, {"name": "第41章系统更新完成", "url": "//www.qidian.com/chapter/1039527510/787087031/"}, {"name": "第42章我xxxx", "url": "//www.qidian.com/chapter/1039527510/787086961/"}, {"name": "第43章北岛美优纪的一天（1）", "url": "//www.qidian.com/chapter/1039527510/787087484/"}, {"name": "第44章北岛美优纪的一天（2）", "url": "//www.qidian.com/chapter/1039527510/787087079/"}, {"name": "第45章野孩子", "url": "//www.qidian.com/chapter/1039527510/787197755/"}, {"name": "第46章惩罚", "url": "//www.qidian.com/chapter/1039527510/787197817/"}, {"name": "第47章京都君子的信条", "url": "//www.qidian.com/chapter/1039527510/787197268/"}, {"name": "第48章皮鞭", "url": "//www.qidian.com/chapter/1039527510/787197561/"}, {"name": "第49章锁链与铁床", "url": "//www.qidian.com/chapter/1039527510/787337124/"}, {"name": "第50章秀行的野望", "url": "//www.qidian.com/chapter/1039527510/787337723/"}, {"name": "第51章偶像养成计划", "url": "//www.qidian.com/chapter/1039527510/787337332/"}, {"name": "第52章诶呀妈呀", "url": "//www.qidian.com/chapter/1039527510/787336901/"}, {"name": "第53章双重梦境（1）", "url": "//www.qidian.com/chapter/1039527510/787507114/"}, {"name": "第54章双重梦境（2）", "url": "//www.qidian.com/chapter/1039527510/787506925/"}, {"name": "第55章晚餐歌", "url": "//www.qidian.com/chapter/1039527510/787506550/"}, {"name": "第56章特殊的“束脩”", "url": "//www.qidian.com/chapter/1039527510/787507335/"}, {"name": "第57章君子守则", "url": "//www.qidian.com/chapter/1039527510/787507337/"}, {"name": "第58章梦境三（1）", "url": "//www.qidian.com/chapter/1039527510/787507307/"}, {"name": "第59章梦境三（2）", "url": "//www.qidian.com/chapter/1039527510/787717056/"}, {"name": "第60章梦境三（终）", "url": "//www.qidian.com/chapter/1039527510/787717195/"}, {"name": "第61章试胆大会（1）", "url": "//www.qidian.com/chapter/1039527510/787730188/"}, {"name": "第62章试胆大会（2）", "url": "//www.qidian.com/chapter/1039527510/787798976/"}, {"name": "第63章试胆大会（3）", "url": "//www.qidian.com/chapter/1039527510/787798903/"}, {"name": "第64章试胆大会（4）", "url": "//www.qidian.com/chapter/1039527510/787798916/"}, {"name": "第65章试胆大会（5）", "url": "//www.qidian.com/chapter/1039527510/787799191/"}, {"name": "第66章星空", "url": "//www.qidian.com/chapter/1039527510/787799294/"}, {"name": "第67章夜袭（求追读！）", "url": "//www.qidian.com/chapter/1039527510/787798759/"}, {"name": "第68章温泉（1）", "url": "//www.qidian.com/chapter/1039527510/787917304/"}, {"name": "第69章温泉：修罗场（2）", "url": "//www.qidian.com/chapter/1039527510/788036057/"}, {"name": "第70章温泉（3）", "url": "//www.qidian.com/chapter/1039527510/788036647/"}, {"name": "第71章休息室的战斗（1）", "url": "//www.qidian.com/chapter/1039527510/788036852/"}, {"name": "第72章休息室的战斗（2）", "url": "//www.qidian.com/chapter/1039527510/788169323/"}, {"name": "第73章休息室的战斗（3）", "url": "//www.qidian.com/chapter/1039527510/788182872/"}, {"name": "第74章学期测验", "url": "//www.qidian.com/chapter/1039527510/788183981/"}, {"name": "第75章鲁邦九世（二合一）", "url": "//www.qidian.com/chapter/1039527510/788222305/"}, {"name": "第76章上传视频", "url": "//www.qidian.com/chapter/1039527510/788222554/"}, {"name": "第77章你也不想被你姐姐知道这件事情吧？", "url": "//www.qidian.com/chapter/1039527510/788270706/"}, {"name": "第78章一根绳子", "url": "//www.qidian.com/chapter/1039527510/788322333/"}, {"name": "第79章押题卷", "url": "//www.qidian.com/chapter/1039527510/788399217/"}, {"name": "第80章北岛茉夏的一天（1）", "url": "//www.qidian.com/chapter/1039527510/788399782/"}, {"name": "第81章初现端倪", "url": "//www.qidian.com/chapter/1039527510/788399940/"}, {"name": "第82章好感度上限任务", "url": "//www.qidian.com/chapter/1039527510/788458052/"}, {"name": "第83章合同", "url": "//www.qidian.com/chapter/1039527510/788458059/"}, {"name": "第84章催眠术和认知修改器", "url": "//www.qidian.com/chapter/1039527510/788570355/"}, {"name": "第85章钢琴曲", "url": "//www.qidian.com/chapter/1039527510/788570620/"}, {"name": "第86章奇怪的声音", "url": "//www.qidian.com/chapter/1039527510/788707985/"}, {"name": "第87章牙膏", "url": "//www.qidian.com/chapter/1039527510/788708169/"}, {"name": "第88章坦诚相见", "url": "//www.qidian.com/chapter/1039527510/788709711/"}, {"name": "第89章曼珠沙华经纪事务所", "url": "//www.qidian.com/chapter/1039527510/788795883/"}, {"name": "第90章考试（二合一）", "url": "//www.qidian.com/chapter/1039527510/788795622/"}]}